{"cameraMode":{"drawMode":0,"name":"Shaded","section":"Shading Mode"},"sceneLighting":true,"audioPlay":false,"sceneViewState":{"m_AlwaysRefresh":false,"showFog":true,"showSkybox":true,"showFlares":true,"showImageEffects":true,"showParticleSystems":true,"showVisualEffectGraphs":true,"m_FxEnabled":true},"in2DMode":false,"pivot":{"x":2.3411762714385988,"y":1.9144983291625977,"z":17.570314407348634},"rotation":{"x":0.18344832956790925,"y":0.010319646447896958,"z":-0.0019325169268995524,"w":0.982991099357605},"size":15.37431526184082,"orthographic":false}