{"cameraMode":{"drawMode":0,"name":"Shaded","section":"Shading Mode"},"sceneLighting":true,"audioPlay":false,"sceneViewState":{"m_AlwaysRefresh":false,"showFog":true,"showSkybox":true,"showFlares":true,"showImageEffects":true,"showParticleSystems":true,"showVisualEffectGraphs":true,"m_FxEnabled":true},"in2DMode":false,"pivot":{"x":7.939161777496338,"y":8.129412651062012,"z":-0.7792997360229492},"rotation":{"x":-0.05846753716468811,"y":-8.166388170138816e-7,"z":-0.000006385523647622904,"w":0.9983058571815491},"size":15.529048919677735,"orthographic":false}