{"cameraMode":{"drawMode":0,"name":"Shaded","section":"Shading Mode"},"sceneLighting":true,"audioPlay":false,"sceneViewState":{"m_AlwaysRefresh":false,"showFog":true,"showSkybox":true,"showFlares":true,"showImageEffects":true,"showParticleSystems":true,"showVisualEffectGraphs":true,"m_FxEnabled":true},"in2DMode":false,"pivot":{"x":19.959142684936525,"y":3.785221576690674,"z":0.00000476837158203125},"rotation":{"x":-0.08271507173776627,"y":0.0005949976039119065,"z":-0.00004929825445287861,"w":-0.9965749979019165},"size":5.828084468841553,"orthographic":false}