{"cameraMode":{"drawMode":0,"name":"Shaded","section":"Shading Mode"},"sceneLighting":false,"audioPlay":false,"sceneViewState":{"m_AlwaysRefresh":false,"showFog":true,"showSkybox":false,"showFlares":true,"showImageEffects":true,"showParticleSystems":true,"showVisualEffectGraphs":true,"m_FxEnabled":true},"in2DMode":false,"pivot":{"x":-6.274121284484863,"y":5.599515438079834,"z":14.568458557128907},"rotation":{"x":0.020651645958423616,"y":0.06054726615548134,"z":0.0012454085517674685,"w":-0.9979602098464966},"size":3.403449773788452,"orthographic":false}