{"cameraMode":{"drawMode":0,"name":"Shaded","section":"Shading Mode"},"sceneLighting":false,"audioPlay":false,"sceneViewState":{"m_AlwaysRefresh":false,"showFog":true,"showSkybox":false,"showFlares":true,"showImageEffects":true,"showParticleSystems":true,"showVisualEffectGraphs":true,"m_FxEnabled":true},"in2DMode":false,"pivot":{"x":0.10087727010250092,"y":0.865429699420929,"z":-0.0016739368438720704},"rotation":{"x":0.1576109230518341,"y":0.32925695180892947,"z":-0.055841587483882907,"w":0.9293174147605896},"size":1.3460835218429566,"orthographic":true}