{"cameraMode":{"drawMode":0,"name":"Shaded","section":"Shading Mode"},"sceneLighting":false,"audioPlay":false,"sceneViewState":{"m_AlwaysRefresh":false,"showFog":true,"showSkybox":false,"showFlares":true,"showImageEffects":true,"showParticleSystems":true,"showVisualEffectGraphs":true,"m_FxEnabled":true},"in2DMode":false,"pivot":{"x":-0.18012093007564546,"y":1.459492802619934,"z":14.945344924926758},"rotation":{"x":-0.008952355943620205,"y":0.7346937656402588,"z":-0.6782892346382141,"w":-0.00970554817467928},"size":4.0899248123168949,"orthographic":false}