{"cameraMode":{"drawMode":0,"name":"Shaded","section":"Shading Mode"},"sceneLighting":true,"audioPlay":false,"sceneViewState":{"m_AlwaysRefresh":false,"showFog":true,"showSkybox":true,"showFlares":true,"showImageEffects":true,"showParticleSystems":true,"showVisualEffectGraphs":true,"m_FxEnabled":true},"in2DMode":false,"pivot":{"x":426.7933654785156,"y":115.66656494140625,"z":22.333900451660158},"rotation":{"x":-0.10958840698003769,"y":-0.003879352007061243,"z":0.0004277415864635259,"w":-0.9939715266227722},"size":288.5340270996094,"orthographic":false}