{"cameraMode":{"drawMode":0,"name":"Shaded","section":"Shading Mode"},"sceneLighting":true,"audioPlay":false,"sceneViewState":{"m_AlwaysRefresh":false,"showFog":true,"showSkybox":true,"showFlares":true,"showImageEffects":true,"showParticleSystems":true,"showVisualEffectGraphs":true,"m_FxEnabled":true},"in2DMode":false,"pivot":{"x":14.311783790588379,"y":2.0925188064575197,"z":-8.863638877868653},"rotation":{"x":0.036056991666555408,"y":0.9122970104217529,"z":-0.08232922106981278,"w":0.39954933524131777},"size":12.12435531616211,"orthographic":false}