{"cameraMode":{"drawMode":0,"name":"Shaded","section":"Shading Mode"},"sceneLighting":false,"audioPlay":false,"sceneViewState":{"m_AlwaysRefresh":false,"showFog":true,"showSkybox":false,"showFlares":true,"showImageEffects":true,"showParticleSystems":true,"showVisualEffectGraphs":true,"m_FxEnabled":true},"in2DMode":false,"pivot":{"x":0.007685100194066763,"y":-0.4546709954738617,"z":6.638265609741211},"rotation":{"x":-0.7315105199813843,"y":0.015737496316432954,"z":-0.016902700066566469,"w":-0.6814537644386292},"size":1.1534719467163087,"orthographic":false}