{"cameraMode":{"drawMode":0,"name":"Shaded","section":"Shading Mode"},"sceneLighting":true,"audioPlay":false,"sceneViewState":{"m_AlwaysRefresh":false,"showFog":true,"showSkybox":true,"showFlares":true,"showImageEffects":true,"showParticleSystems":true,"showVisualEffectGraphs":true,"m_FxEnabled":true},"in2DMode":false,"pivot":{"x":4.516018867492676,"y":0.3579108417034149,"z":-4.82050085067749},"rotation":{"x":0.23380303382873536,"y":-0.056840695440769199,"z":0.013692999258637429,"w":0.9705270528793335},"size":12.12435531616211,"orthographic":false}