{"cameraMode":{"drawMode":0,"name":"Shaded","section":"Shading Mode"},"sceneLighting":true,"audioPlay":false,"sceneViewState":{"m_AlwaysRefresh":false,"showFog":true,"showSkybox":true,"showFlares":true,"showImageEffects":true,"showParticleSystems":true,"showVisualEffectGraphs":true,"m_FxEnabled":true},"in2DMode":false,"pivot":{"x":0.5054318308830261,"y":21.13741683959961,"z":-16.82482147216797},"rotation":{"x":-0.17785806953907014,"y":-0.0023646061308681967,"z":0.0004274726379662752,"w":-0.9840547442436218},"size":20.876920700073243,"orthographic":false}