{"cameraMode":{"drawMode":0,"name":"Shaded","section":"Shading Mode"},"sceneLighting":true,"audioPlay":false,"sceneViewState":{"m_AlwaysRefresh":false,"showFog":true,"showSkybox":true,"showFlares":true,"showImageEffects":true,"showParticleSystems":true,"showVisualEffectGraphs":true,"m_FxEnabled":true},"in2DMode":false,"pivot":{"x":20.481237411499025,"y":-59.26997756958008,"z":10.408121109008789},"rotation":{"x":0.6800987720489502,"y":0.002199486829340458,"z":-0.002040229272097349,"w":0.7331189513206482},"size":33.250831604003909,"orthographic":true}